Rank,Car_ID,Year,Make,Model,Total,Racer,Engine,BodyFrame,Mods,Car_Overall,Mods_Overall
1,128,2010,Infiniti,G37,128,18,26,26,48,4,6
2,216,2007,Chrystler,300,96,16,20,20,32,4,4
3,57,2015,Scion,Frs,80,16,20,14,22,4,4
4,3,2011,Nissan,370,84,16,16,20,24,4,4
5,31,2007,Honda,Fit,102,14,24,24,30,4,6
6,228,2010,Nissan,370,92,14,20,16,34,4,4
7,50,2015,Acura,TLX,102,14,18,28,34,2,6
8,15,2014,Audi,S4,120,12,26,28,46,2,6
9,124,2015,Jeep,Wrangler,124,12,24,30,48,4,6
10,83,2014,Honda,Accord,112,12,24,28,36,6,6
11,84,2012,Mercedes,Cl63amg,70,12,16,14,22,4,2
12,218,2010,Chevy,Camaro,64,12,16,10,18,4,4
13,179,2004,Volkswagen,R32,38,12,14,6,2,2,2
14,36,2016,Subaru,WRX,74,10,16,16,24,4,4
15,137,2017,Ford,Focus rs,54,10,14,12,16,2,0
16,134,2013,Subaru,WRX,52,10,12,12,14,2,2
17,9,1996,Nissan,240,44,10,8,4,14,4,4
18,175,2006,Honda,Civic,92,8,26,22,28,4,4
19,91,2010,Mitsu,Lancer,102,8,24,24,38,2,6
20,123,2006,Lexus,Sc430,66,8,18,10,26,0,4
21,106,2007,Acura,Tl type s,78,8,14,20,30,2,4
22,33,2015,Subaru,Sti,68,8,12,14,26,4,4
23,53,2013,Subaru,WRX,60,8,10,16,20,2,4
24,140,1995,Mitsu,Evo8,44,8,10,10,14,2,0
25,113,2012,Acura,Tsx sportwagon,116,6,30,30,42,2,6
26,65,2009,Honda,Fit,106,6,26,22,42,4,6
27,6,2016,Volkswagen,Golf r,54,6,18,10,14,2,4
28,25,2012,Mercedes,C250,78,6,16,22,26,4,4
29,38,2017,Hyundai,Elantra sport,62,6,16,14,22,4,0
30,1051,2006,Acura,Tsx,66,6,16,12,26,2,4
31,39,2011,Honda,Civic,72,6,14,18,26,4,4
32,21,2009,Subaru,WRX,62,6,14,16,18,4,4
33,37,2015,Subaru,Sti,54,6,14,14,14,2,4
34,104,2014,Honda,Civic si,48,6,14,6,16,4,2
35,178,2009,Honda,Oddesy,72,6,12,14,32,2,6
36,51,2015,Subaru,WRX,50,6,10,10,20,2,2
37,52,2007,Mazda,Speed 3,48,6,10,8,20,2,2
38,100,2006,Volvo,S60r,22,6,8,6,2,0,0
39,17,2016,Mercedes,C43,34,6,8,2,16,0,2
40,232,2018,Subaru,WRX,46,6,6,12,18,4,0
41,145,1990,Volkswagen,Gti,38,6,6,8,14,2,2
42,219,2016,Ford,Focus rs,26,6,6,8,4,2,0
43,5,2003,Acura,Rsx,50,6,6,6,24,4,4
44,4341,1992,Nissan,Rps13,32,6,6,2,14,2,2
45,8,1991,Nissan,Skyline,44,6,4,12,16,2,4
46,20,2009,Infiniti,G37,38,6,4,10,16,0,2
47,14,1990,Nissan,Skyline,26,6,4,8,6,0,2
48,120,2014,Ford,Focus st,30,6,4,6,10,2,2
49,Vip,2008,Volkswagen,Gli,16,6,4,4,0,2,0
50,187,2007,Subaru,Legacy,26,6,4,0,12,2,2
51,19,2001,Mitsu,Evo7,40,6,2,8,20,2,2
52,112,2008,Acura,TL,110,4,28,28,42,2,6
53,13,2016,Honda,Civic 1.5t,92,4,22,24,36,0,6
54,63,2010,Honda,Civic,86,4,22,20,34,2,4
55,127,2013,Acura,Tsx,86,4,20,24,28,4,6
56,30,2012,Hyundai,Celoster,66,4,20,20,16,2,4
57,180,2011,Volkswagen,Gti,82,4,16,26,30,2,4
58,41,2012,Acura,Tsx,64,4,14,16,24,4,2
59,48,2015,Acura,TLX,62,4,14,12,24,4,4
60,12,1990,Nissan,240,62,4,12,16,22,4,4
61,49,1997,Acura,Integra,42,4,12,6,12,4,4
62,44,2018,Honda,Civic si,40,4,12,4,16,2,2
63,161,2012,Nissan,370z,84,4,10,24,38,2,6
64,56,2009,Volkswagen,Jetta,42,4,10,10,14,2,2
65,207,1993,Honda,Civic eG,40,4,10,10,14,2,0
66,142,1993,Toyota,Supra,58,4,8,10,26,4,6
67,59,2012,Volkswagen,Golf,28,4,8,6,8,2,0
68,98,2012,Mercedes,C63,26,4,6,10,4,0,2
69,99,2014,Honda,Civic si,38,4,6,8,16,0,4
70,162,2014,Nissan,370z,36,4,6,4,20,0,2
71,172,2014,Bmw,4,22,4,6,4,2,6,0
72,158,2007,Nissan,350z,64,4,4,16,32,2,6
73,118,1993,Honda,Civic,44,4,4,14,14,4,4
74,181,2003,Volkswagen,Gti,30,4,4,6,14,0,2
75,167,2016,Ford,Mystang,20,4,4,6,4,0,2
76,163,2013,Mitsu,Ralliart,22,4,4,4,8,0,2
77,11,1991,Nissan,Skyline,30,4,4,2,16,2,2
78,183,2005,Volkswagen,Jetta,16,4,4,2,4,0,2
79,18,2015,Audi,S3,38,4,2,10,18,2,2
80,7,2014,Nissan,Sentra,30,4,2,8,12,0,4
81,182,2012,Volkswagen,Cc,20,4,2,6,4,2,2
82,76,2005,Subaru,Sti,12,4,2,0,4,2,0
83,81,2016,Volkswagen,GTI,24,4,0,12,6,2,0
84,108,2013,Audi,S4,14,4,0,2,4,2,2
85,111,2007,Bmw,328i,10,4,0,2,0,0,4
86,103,2010,Acura,Tsx,72,2,12,18,36,0,4
87,43,2011,Toyota,4 Runner,54,2,12,16,16,4,4
88,35,2016,Honda,Civic,60,2,12,14,28,0,4
89,23,1998,Subaru,Legacy,62,2,10,18,22,4,6
90,88,2008,Honda,Accord,48,2,10,14,16,2,4
91,189,2012,Toyota,Fj cruiser,50,2,10,8,26,2,2
92,122,2011,Infiniti,M37s,44,2,8,6,24,0,4
93,46,2008,Volkswagen,R32,32,2,8,6,14,2,0
94,78,2015,Mazda,6,36,2,6,14,12,2,0
95,92,2017,Hyundai,Elantra sport,30,2,6,14,8,0,0
96,10,2001,Nissan,S15,34,2,6,8,14,2,2
97,114,2010,Volkswagen,Gti,26,2,4,8,10,0,2
98,130,2016,Honda,Civic si,24,2,4,2,16,0,0
99,24,2013,Subaru,BRZ,32,2,2,16,8,2,2
100,2,2016,Bmw,M2,24,2,2,6,12,0,2
101,93,2005,Acura,TL,22,2,2,6,10,2,0
102,235,2013,Scion,Frs,20,2,2,6,8,0,2
103,159,2013,Hyundai,Gen coupe,14,2,2,6,4,0,0
104,89,2014,Honda,Civic si,16,2,2,4,6,0,2
105,67,2015,Subaru,Sti,14,2,2,4,4,0,2
106,16,2008,Nissan,350z,10,2,2,4,2,0,0
107,96,2017,Volkswagen,Gti,10,2,2,0,4,0,2
108,121,2012,Acura,TL,44,2,0,18,20,0,4
109,94,2004,Volkswagen,Gti,10,2,0,0,6,0,2
110,1,2012,Subaru,WRX,6,2,0,0,2,2,0
111,126,2010,Volkswagen,Eos,92,0,24,26,36,0,6
112,110,2011,Toyota,Camry,58,0,12,24,18,0,4
113,222,2015,Lexus,Is250,40,0,12,18,6,0,4
114,211,2004,Acura,Tsx,48,0,12,16,18,2,0
115,115,2001,Honda,Crv,56,0,10,16,26,0,4
116,45,2006,Acura,TL,42,0,10,10,18,2,2
117,116,2008,Audi,A4,28,0,10,6,6,2,4
118,153,2017,Subaru,Brz,42,0,8,20,12,0,2
119,200,2016,Subaru,WRX,36,0,6,10,16,2,2
120,242,2014,Nissan,Maxima,26,0,6,6,12,0,2
121,237,1987,Volkswagen,Jetta,10,0,6,4,0,0,0
122,225,2016,Acura,TLX,52,0,4,12,32,0,4
123,144,2016,Volkswagen,Gti,28,0,4,10,12,0,2
124,241,2007,Toyota,Camry,24,0,4,10,8,0,2
125,230,2004,Acura,Tsx,20,0,4,8,6,0,2
126,150,2006,Nissan,350z,22,0,4,4,12,0,2
127,193,2014,Nissan,Ssntra,14,0,4,4,4,0,2
128,177,2005,Volkswagen,Jetta gli,12,0,4,4,2,0,2
129,86,1996,Volkswagen,Jetta,8,0,4,2,2,0,0
130,184,2010,Volkswagen,Cc,8,0,4,2,2,0,0
131,138,1990,Mazda,Miata,10,0,4,0,6,0,0
132,85,2017,Honda,Accord,42,0,2,16,20,0,4
133,176,2014,Mitsu,Lancer,40,0,2,12,22,0,4
134,22,2007,Honda,Civic,24,0,2,12,6,2,2
135,238,1982,Volkswagen,Rabbit,28,0,2,10,14,0,2
136,220,2004,Audi,A4,14,0,2,4,6,0,2
137,186,2012,Volkswagen,Gli,14,0,2,2,4,6,0
138,42,2001,Dodge,Viper,8,0,2,2,2,2,0
139,75,2012,Subaru,WRX,6,0,2,2,2,0,0
140,4,2007,Honda,Civic,14,0,2,0,12,0,0
141,66,2010,Volkswagen,Gti,4,0,2,0,2,0,0
142,174,2006,Acura,Rsx,4,0,2,0,2,0,0
143,156,2014,Volkswagen,Gli,56,0,0,24,28,0,4
144,170,2014,Chevy,Cruze,50,0,0,18,28,0,4
145,34,2010,Honda,Fit,18,0,0,8,8,2,0
146,79,1993,Mazda,Miata,18,0,0,8,8,0,2
147,141,1993,Mazda,Miata,26,0,0,6,18,0,2
148,226,2008,Honda,Accord,18,0,0,6,12,0,0
149,95,2004,Infiniti,G35,12,0,0,6,6,0,0
150,190,1995,Lexus,Sc300,10,0,0,6,4,0,0
151,69,2018,Subaru,WRX,8,0,0,6,2,0,0
152,243,2008,Toyota,Matrix,10,0,0,4,6,0,0
153,68,2013,Nissan,Altima,10,0,0,4,4,0,2
154,102,2015,Honda,Accord,10,0,0,4,4,0,2
155,28,1995,Bmw,318xi,8,0,0,4,4,0,0
156,185,2013,Volkswagen,Jett,8,0,0,4,4,0,0
157,74,2015,Honda,Accord,8,0,0,4,2,0,2
158,71,2008,Acura,TL,6,0,0,4,2,0,0
159,212,2001,Lexus,Is300,6,0,0,2,4,0,0
160,64,2004,Subaru,Forester,6,0,0,0,6,0,0
161,40,2007,Subaru,Legacy,6,0,0,0,6,0,0
162,72,2016,Honda,Civic si,4,0,0,0,4,0,0
163,197,2010,Audi,A4,2,0,0,0,2,0,0
164,70,2014,Honda,Civic,0,0,0,0,0,0,0
165,101,2014,Honda,Civic,0,0,0,0,0,0,0
166,0,2015,Chevy,Camaro,0,0,0,0,0,0,0
